City_ID,City,Country,Date,Lat,Lng,Max Temp,Humidity,Cloudiness,Wind Speed
0,Kupang,ID,2022-01-30 16:05:19,-10.1667,123.5833,79.99,85,100,13.51
1,Abong Mbang,CM,2022-01-30 16:10:16,3.9833,13.1833,92.08,14,87,3.65
2,Waddan,LY,2022-01-30 16:10:17,29.1614,16.139,54.59,43,29,13.8
3,Busselton,AU,2022-01-30 16:11:03,-33.65,115.3333,66.09,76,0,18.14
4,Puerto Carreno,CO,2022-01-30 16:10:04,6.189,-67.4859,91.36,31,71,13.62
5,Karlshamn,SE,2022-01-30 16:11:04,56.1706,14.8619,41.49,51,6,21.47
6,Tessalit,ML,2022-01-30 16:10:18,20.1986,1.0114,84.2,10,4,13.91
7,Swan River,CA,2022-01-30 16:11:05,52.1058,-101.2676,18.66,91,100,4.38
8,Georgetown,MY,2022-01-30 16:08:59,5.4112,100.3354,84.13,80,20,0.0
9,Kapaa,US,2022-01-30 16:10:19,22.0752,-159.319,71.92,78,20,14.97
10,Bredasdorp,ZA,2022-01-30 16:10:20,-34.5322,20.0403,80.28,64,8,17.11
11,Yellowknife,CA,2022-01-30 16:08:40,62.456,-114.3525,-7.44,87,100,4.99
12,Ushuaia,AR,2022-01-30 16:05:39,-54.8,-68.3,47.86,66,75,23.02
13,Bambous Virieux,MU,2022-01-30 16:08:39,-20.3428,57.7575,81.21,78,48,18.01
14,Hobart,AU,2022-01-30 16:10:21,-42.8794,147.3294,57.11,88,2,0.0
15,Torbat-E Jam,IR,2022-01-30 16:10:21,35.244,60.6225,40.8,68,4,5.3
16,Passo De Camaragibe,BR,2022-01-30 16:09:17,-9.2368,-35.4901,89.15,54,80,10.63
17,Saldanha,ZA,2022-01-30 16:10:22,-33.0117,17.9442,69.64,77,42,18.84
18,Rikitea,PF,2022-01-30 16:09:59,-23.1203,-134.9692,76.15,60,74,4.81
19,Upernavik,GL,2022-01-30 16:10:09,72.7868,-56.1549,-4.2,73,100,11.52
20,Tuatapere,NZ,2022-01-30 16:10:23,-46.1333,167.6833,59.83,95,66,1.41
21,Hermanus,ZA,2022-01-30 16:07:04,-34.4187,19.2345,92.89,60,32,20.8
22,Sao Francisco De Paula,BR,2022-01-30 16:10:23,-29.4481,-50.5836,73.27,59,79,2.57
23,Ribeira Grande,PT,2022-01-30 16:08:16,38.5167,-28.7,61.2,59,20,20.71
24,La Ronge,CA,2022-01-30 16:09:25,55.1001,-105.2842,14.56,96,100,6.62
25,Tuktoyaktuk,CA,2022-01-30 16:10:24,69.4541,-133.0374,-4.18,96,100,17.65
26,Namatanai,PG,2022-01-30 16:10:24,-3.6667,152.4333,78.24,85,92,3.36
27,Punta Arenas,CL,2022-01-30 16:06:13,-53.15,-70.9167,53.71,50,75,28.77
28,Barrow,US,2022-01-30 16:10:25,71.2906,-156.7887,-9.38,77,75,10.36
29,San Patricio,US,2022-01-30 16:10:25,28.017,-97.5169,63.01,56,0,6.62
30,Urucurituba,BR,2022-01-30 16:10:26,-2.6833,-57.6667,76.01,92,100,3.69
31,Bousso,TD,2022-01-30 16:10:26,10.4795,16.7117,87.66,10,36,10.02
32,Qaanaaq,GL,2022-01-30 16:10:27,77.484,-69.3632,-7.1,72,100,8.84
33,Port Elizabeth,ZA,2022-01-30 16:10:27,-33.918,25.5701,81.1,77,78,19.33
34,New Norfolk,AU,2022-01-30 16:10:27,-42.7826,147.0587,56.75,75,2,1.95
35,Port Blair,IN,2022-01-30 16:10:28,11.6667,92.75,74.32,70,47,8.03
36,Trelew,AR,2022-01-30 16:10:28,-43.249,-65.3051,68.97,16,87,26.87
37,Butaritari,KI,2022-01-30 16:08:58,3.0707,172.7902,81.72,78,70,21.18
38,Dingle,PH,2022-01-30 16:10:29,10.9995,122.6711,76.6,90,88,1.74
39,Muros,ES,2022-01-30 16:10:29,42.7762,-9.0603,64.9,44,0,4.21
40,Dikson,RU,2022-01-30 16:10:30,73.5069,80.5464,1.72,92,100,21.23
41,Nikolskoye,RU,2022-01-30 16:10:30,59.7035,30.7861,28.4,94,100,8.48
42,Griffith,US,2022-01-30 16:10:31,41.5284,-87.4237,25.05,73,0,1.01
43,Kruisfontein,ZA,2022-01-30 16:10:31,-34.0033,24.7314,78.89,65,73,20.33
44,Nuuk,GL,2022-01-30 16:06:46,64.1835,-51.7216,14.61,85,100,16.11
45,Albany,US,2022-01-30 16:08:58,42.6001,-73.9662,17.94,40,32,10.0
46,San Miguel,SV,2022-01-30 16:12:12,13.4833,-88.1833,85.87,38,3,7.23
47,San Cristobal,VE,2022-01-30 16:12:12,7.7669,-72.225,68.18,41,97,2.51
48,Marawi,PH,2022-01-30 16:08:24,7.9986,124.2928,67.64,93,80,1.45
49,Port Alfred,ZA,2022-01-30 16:08:01,-33.5906,26.891,77.81,78,91,20.87
50,Lazaro Cardenas,MX,2022-01-30 16:12:13,17.9583,-102.2,80.37,55,4,0.92
51,Shingu,JP,2022-01-30 16:12:14,33.7333,135.9833,38.55,74,51,7.78
52,Sungairaya,ID,2022-01-30 16:12:14,0.7,108.9,77.54,85,100,5.64
53,Thompson,CA,2022-01-30 16:12:15,55.7435,-97.8558,-0.06,95,100,4.76
54,Kavaratti,IN,2022-01-30 16:12:15,10.5669,72.642,81.66,69,54,7.07
55,Kodiak,US,2022-01-30 16:12:15,57.79,-152.4072,24.31,68,20,13.8
56,Ust-Kuyga,RU,2022-01-30 16:12:16,70.0167,135.6,-30.32,99,97,7.02
57,Namibe,AO,2022-01-30 16:12:16,-15.1961,12.1522,74.34,71,98,11.16
58,Hambantota,LK,2022-01-30 16:12:17,6.1241,81.1185,78.48,84,19,11.99
59,Puerto Ayora,EC,2022-01-30 16:10:53,-0.7393,-90.3518,82.36,73,100,8.88
60,Vaini,TO,2022-01-30 16:12:17,-21.2,-175.2,80.49,78,100,12.26
61,Port Lincoln,AU,2022-01-30 16:12:18,-34.7333,135.8667,66.38,84,0,11.14
62,Coihaique,CL,2022-01-30 16:08:02,-45.5752,-72.0662,57.81,47,75,9.22
63,Yarim,YE,2022-01-30 16:12:18,14.298,44.3779,56.12,62,45,1.52
64,Mehamn,NO,2022-01-30 16:12:19,71.0357,27.8492,30.38,69,75,19.57
65,Atar,MR,2022-01-30 16:12:20,20.5169,-13.0499,92.41,7,100,12.46
66,Saint-Philippe,RE,2022-01-30 16:12:20,-21.3585,55.7679,80.19,77,71,13.22
67,San Jeronimo,PE,2022-01-30 16:12:20,-11.9472,-75.2829,56.93,55,100,1.5
68,Vila Velha,BR,2022-01-30 16:12:21,-20.3297,-40.2925,91.35,74,40,8.99
69,Tay Ninh,VN,2022-01-30 16:12:21,11.3,106.1,78.73,72,92,10.58
70,Yavaros,MX,2022-01-30 16:12:22,26.7,-109.5167,64.51,52,39,3.09
71,Staryy Nadym,RU,2022-01-30 16:12:22,65.6118,72.6842,-5.87,95,77,9.08
72,Tres Passos,BR,2022-01-30 16:12:22,-27.4556,-53.9319,87.13,37,15,6.89
73,Draper,US,2022-01-30 16:12:23,40.5247,-111.8638,39.29,66,0,3.44
74,Tahe,CN,2022-01-30 16:12:23,52.3333,124.7333,-6.52,92,48,4.52
75,Mount Gambier,AU,2022-01-30 16:10:16,-37.8333,140.7667,62.51,100,100,5.75
76,Rudbar,AF,2022-01-30 16:12:23,30.15,62.6,59.18,31,5,7.94
77,Atuona,PF,2022-01-30 16:12:24,-9.8,-139.0333,77.16,78,6,10.8
78,Aswan,EG,2022-01-30 16:12:24,24.0934,32.907,61.2,27,82,8.9
79,Constitucion,CL,2022-01-30 16:12:25,-35.3333,-72.4167,68.88,58,2,14.18
80,Marzuq,YE,2022-01-30 16:12:25,14.4,46.4667,67.68,65,96,9.08
81,Berlevag,NO,2022-01-30 16:12:26,70.8578,29.0864,30.2,86,96,20.74
82,Petropavlovsk-Kamchatskiy,RU,2022-01-30 16:08:46,53.0452,158.6483,18.46,79,100,7.63
83,San Rafael,AR,2022-01-30 16:12:26,-34.6177,-68.3301,82.81,28,1,13.78
84,Kaili,ID,2022-01-30 16:12:27,-3.4626,120.2147,67.46,83,100,3.94
85,Jamestown,US,2022-01-30 16:08:15,42.097,-79.2353,16.52,47,72,5.99
86,Naze,JP,2022-01-30 16:12:27,28.3667,129.4833,53.96,69,95,18.79
87,Klaksvik,FO,2022-01-30 16:12:27,62.2266,-6.589,36.52,97,100,17.25
88,Beringovskiy,RU,2022-01-30 16:12:28,63.05,179.3167,-13.68,99,71,6.51
89,Naliya,IN,2022-01-30 16:09:28,23.2667,68.8333,68.38,84,0,8.1
90,Cape Town,ZA,2022-01-30 16:08:48,-33.9258,18.4232,93.11,51,19,5.01
91,Ileza,RU,2022-01-30 16:12:29,61.0533,43.9002,6.87,98,91,5.61
92,Boyolangu,ID,2022-01-30 16:13:29,-8.1181,111.8935,75.69,92,100,2.75
93,Storozhevaya,RU,2022-01-30 16:13:30,43.8789,41.4514,21.47,87,12,5.66
94,Carnarvon,AU,2022-01-30 16:13:30,-24.8667,113.6333,78.87,78,9,16.11
95,Vestmannaeyjar,IS,2022-01-30 16:13:31,63.4427,-20.2734,29.39,74,40,36.82
96,Lata,PT,2022-01-30 16:11:36,40.1629,-8.3327,65.05,31,90,3.89
97,Bluff,NZ,2022-01-30 16:13:31,-46.6,168.3333,59.81,93,82,2.44
98,Sawtell,AU,2022-01-30 16:13:31,-30.3833,153.1,73.18,94,75,6.91
99,Mitsamiouli,KM,2022-01-30 16:13:32,-11.3847,43.2844,81.59,71,54,2.71
100,Mala Kladusa,BA,2022-01-30 16:13:33,45.1342,15.8586,54.63,68,0,2.93
101,Mar Del Plata,AR,2022-01-30 16:13:33,-38.0023,-57.5575,86.02,56,0,27.0
102,Ozernovskiy,RU,2022-01-30 16:12:15,51.5,156.5167,23.2,94,100,3.65
103,Maunabo,PR,2022-01-30 16:13:34,18.0072,-65.8993,84.69,68,2,6.67
104,Margate,GB,2022-01-30 16:13:34,51.3813,1.3862,46.26,69,97,5.01
105,Salinas,US,2022-01-30 16:09:04,36.6777,-121.6555,52.97,68,0,12.66
106,Inongo,CD,2022-01-30 16:13:35,-1.95,18.2667,84.42,50,100,1.57
107,Hithadhoo,MV,2022-01-30 16:13:35,-0.6,73.0833,82.33,66,100,7.27
108,Kavieng,PG,2022-01-30 16:13:36,-2.5744,150.7967,80.98,76,90,3.27
109,Sistranda,NO,2022-01-30 16:13:36,63.7256,8.834,33.91,63,100,14.25
110,Avarua,CK,2022-01-30 16:13:37,-21.2078,-159.775,78.85,83,20,10.36
111,Jiayuguan,CN,2022-01-30 16:12:29,39.8167,98.3,17.19,47,100,6.8
112,Saurimo,AO,2022-01-30 16:13:37,-9.6608,20.3916,73.36,81,96,4.03
113,Taoudenni,ML,2022-01-30 16:13:38,22.6783,-3.9836,85.5,10,97,17.49
114,Joshimath,IN,2022-01-30 16:13:38,30.5667,79.5667,40.35,54,25,6.46
115,Khatanga,RU,2022-01-30 16:13:39,71.9667,102.5,-10.71,98,98,9.24
116,Pitkyaranta,RU,2022-01-30 16:13:30,61.5734,31.4792,22.64,95,100,10.78
117,Yerbogachen,RU,2022-01-30 16:12:10,61.2767,108.0108,-6.47,100,98,2.39
118,Igrim,RU,2022-01-30 16:13:41,63.1906,64.4162,-2.61,99,98,2.95
119,Cherskiy,RU,2022-01-30 16:13:41,68.75,161.3,-28.88,99,83,2.55
120,Sao Filipe,CV,2022-01-30 16:13:42,14.8961,-24.4956,71.1,71,100,12.3
121,Yangambi,CD,2022-01-30 16:13:42,0.8102,24.4336,87.19,30,60,1.19
122,Yate,GB,2022-01-30 16:13:43,51.5407,-2.4184,47.82,76,91,1.99
123,Kampene,CD,2022-01-30 16:13:43,-3.6,26.6667,78.71,66,49,2.13
124,Chuy,UY,2022-01-30 16:13:44,-33.6971,-53.4616,78.55,56,99,11.52
125,Lagos,NG,2022-01-30 16:13:44,6.5833,3.75,90.86,24,78,7.76
126,Fort Nelson,CA,2022-01-30 16:10:52,58.8053,-122.7002,-5.64,100,98,2.19
127,Deputatskiy,RU,2022-01-30 16:13:44,69.3,139.9,-24.61,100,50,2.64
128,Grand Gaube,MU,2022-01-30 16:13:45,-20.0064,57.6608,81.37,72,36,5.01
129,Tornio,FI,2022-01-30 16:13:46,65.8481,24.1466,8.62,88,100,9.44
130,Vanavara,RU,2022-01-30 16:13:46,60.34,102.2797,-14.73,100,99,1.23
131,Maragogi,BR,2022-01-30 16:13:46,-9.0122,-35.2225,84.31,68,72,11.7
132,Banda Aceh,ID,2022-01-30 16:13:47,5.5577,95.3222,77.85,80,44,5.99
133,Kahului,US,2022-01-30 16:13:47,20.8947,-156.47,72.84,72,0,4.61
134,Carutapera,BR,2022-01-30 16:13:47,-1.195,-46.02,78.98,90,91,7.34
135,Talnakh,RU,2022-01-30 16:14:48,69.4865,88.3972,-9.96,97,93,8.32
136,Xining,CN,2022-01-30 16:14:48,36.6167,101.7667,11.71,68,40,1.63
137,Rocha,UY,2022-01-30 16:14:49,-34.4833,-54.3333,80.49,46,9,11.12
138,Mount Isa,AU,2022-01-30 16:14:49,-20.7333,139.5,74.97,100,100,5.75
139,Venado Tuerto,AR,2022-01-30 16:14:49,-33.7456,-61.9688,86.79,26,0,9.95
140,Beba,CU,2022-01-30 16:14:50,22.4437,-79.7253,64.67,45,2,12.39
141,Pyay,MM,2022-01-30 16:14:50,18.8167,95.2167,63.09,58,0,4.61
142,Saint George,US,2022-01-30 16:14:51,37.1041,-113.5841,45.36,40,0,0.0
143,Geraldton,AU,2022-01-30 16:14:51,-28.7667,114.6,73.81,83,75,19.57
144,Birin,NP,2022-01-30 16:14:52,26.8865,88.0718,42.58,71,53,3.94
145,Shelburne,CA,2022-01-30 16:14:52,44.0787,-80.2041,17.91,74,61,9.35
146,Ginir,ET,2022-01-30 16:14:53,7.1333,40.7,64.06,17,75,6.08
147,Hellvik,NO,2022-01-30 16:14:53,59.9156,5.781,36.16,75,82,4.88
148,Smithers,CA,2022-01-30 16:14:53,54.7804,-127.1743,26.92,100,75,3.44
149,Slobozia,MD,2022-01-30 16:14:54,46.7281,29.7078,36.48,78,87,6.85
150,Provideniya,RU,2022-01-30 16:14:07,64.3833,-173.3,6.71,78,1,8.46
151,West Lafayette,US,2022-01-30 16:14:54,40.4259,-86.9081,28.35,69,0,9.22
152,Airai,TL,2022-01-30 16:14:05,-8.9266,125.4092,62.15,90,98,4.18
153,Providencia,MX,2022-01-30 16:14:55,28.7167,-111.5833,61.86,66,72,4.38
154,Salalah,OM,2022-01-30 16:14:55,17.0151,54.0924,75.29,69,0,4.61
155,Cabo San Lucas,MX,2022-01-30 16:14:56,22.8909,-109.9124,72.52,77,0,1.01
156,Datong,CN,2022-01-30 16:14:56,40.0936,113.2914,13.93,45,3,12.71
157,Le Moule,GP,2022-01-30 16:14:56,16.3332,-61.3473,84.24,65,1,12.24
158,Luderitz,NA,2022-01-30 16:14:57,-26.6481,15.1594,70.3,73,72,5.12
159,Ancud,CL,2022-01-30 16:14:57,-41.8697,-73.8203,60.42,58,31,11.52
160,Quatre Cocos,MU,2022-01-30 16:14:58,-20.2078,57.7625,81.09,78,46,18.3
161,Iqaluit,CA,2022-01-30 16:14:58,63.7506,-68.5145,-11.47,70,75,5.75
162,Castro,BR,2022-01-30 16:14:59,-24.7911,-50.0119,64.87,97,100,5.91
163,Ambulu,ID,2022-01-30 16:10:55,-8.345,113.6058,77.31,90,100,1.88
164,Yulara,AU,2022-01-30 16:14:59,-25.2406,130.9889,73.24,100,40,9.22
165,Norman Wells,CA,2022-01-30 16:12:56,65.282,-126.8329,-23.28,98,97,5.03
166,Nelson Bay,AU,2022-01-30 16:15:00,-32.7167,152.15,73.0,94,40,2.98
167,Chokurdakh,RU,2022-01-30 16:15:00,70.6333,147.9167,-29.33,89,38,0.98
168,Tual,ID,2022-01-30 16:15:01,-5.6667,132.75,83.61,76,100,16.02
169,Alexandria,EG,2022-01-30 16:10:10,31.2156,29.9553,56.91,47,97,13.31
170,Placido De Castro,BR,2022-01-30 16:15:01,-10.3353,-67.1856,72.86,99,100,2.06
171,Iwanai,JP,2022-01-30 16:15:02,42.9744,140.5089,18.59,65,100,9.82
172,Yaan,NG,2022-01-30 16:15:02,7.3833,8.5667,93.79,8,81,10.87
173,Vokhma,RU,2022-01-30 16:15:02,58.9303,46.7586,6.85,99,94,5.12
174,Pangnirtung,CA,2022-01-30 16:15:03,66.1451,-65.7125,-21.06,89,97,5.88
175,Nome,US,2022-01-30 16:15:03,64.5011,-165.4064,-4.9,77,0,0.0
176,Coahuayana,MX,2022-01-30 16:15:04,18.7333,-103.6833,83.68,35,0,2.24
177,Coquimbo,CL,2022-01-30 16:14:06,-29.9533,-71.3436,67.73,68,0,12.66
178,Mataura,NZ,2022-01-30 16:15:04,-46.1927,168.8643,59.49,99,48,2.1
179,Kautokeino,NO,2022-01-30 16:15:05,69.0125,23.0412,1.83,94,99,3.09
180,Obihiro,JP,2022-01-30 16:15:05,42.9172,143.2044,-0.87,92,24,3.33
181,Bereda,ES,2022-01-30 16:16:05,43.2686,-7.5406,58.57,70,4,3.4
182,Mandalgovi,MN,2022-01-30 16:16:06,45.7625,106.2708,0.1,77,6,14.12
183,Eregli,TR,2022-01-30 16:16:06,37.5133,34.0467,27.88,81,73,4.99
184,Chunoyar,RU,2022-01-30 16:16:07,57.4467,97.3217,1.56,99,99,0.2
185,Hilo,US,2022-01-30 16:16:07,19.7297,-155.09,66.79,79,0,6.91
186,Oranjemund,NA,2022-01-30 16:16:08,-28.55,16.4333,69.03,77,14,10.18
187,East London,ZA,2022-01-30 16:16:08,-33.0153,27.9116,77.94,78,0,17.27
188,Ushtobe,KZ,2022-01-30 16:16:09,45.2514,77.9838,25.32,96,80,4.07
189,Opuwo,NA,2022-01-30 16:16:09,-18.0607,13.84,82.69,21,59,21.03
190,Necochea,AR,2022-01-30 16:16:09,-38.5473,-58.7368,81.03,37,85,22.39
191,Ostrovnoy,RU,2022-01-30 16:16:10,68.0531,39.5131,2.61,98,87,7.96
192,Pedernales,DO,2022-01-30 16:16:10,18.0384,-71.744,81.1,65,2,7.74
193,Bartica,GY,2022-01-30 16:16:11,6.4,-58.6167,77.32,53,68,3.15
194,Severo-Kurilsk,RU,2022-01-30 16:16:12,50.6789,156.125,26.29,92,100,15.55
195,Asau,RO,2022-01-30 16:16:13,46.4333,26.4,39.4,79,47,18.59
196,Chadiza,ZM,2022-01-30 16:16:13,-14.0678,32.4392,67.62,95,45,2.95
197,Diamantino,BR,2022-01-30 16:16:13,-14.4086,-56.4461,77.07,87,100,10.6
198,Broome,US,2022-01-30 16:16:14,42.2506,-75.833,18.09,69,0,1.99
199,Kieta,PG,2022-01-30 16:16:14,-6.2167,155.6333,79.27,87,100,5.53
200,Altamont,US,2022-01-30 16:16:15,42.2068,-121.7372,26.78,80,0,0.0
201,Bubaque,GW,2022-01-30 16:16:15,11.2833,-15.8333,79.18,47,24,9.04
202,Pau Brasil,BR,2022-01-30 16:16:15,-15.4642,-39.6511,92.25,41,83,5.39
203,Salon-De-Provence,FR,2022-01-30 16:16:16,43.6407,5.0954,55.81,51,0,20.71
204,Mazamari,PE,2022-01-30 16:16:17,-11.3258,-74.5308,70.16,100,100,0.49
205,Tiksi,RU,2022-01-30 16:16:17,71.6872,128.8694,-16.11,100,76,4.27
206,Leningradskiy,RU,2022-01-30 16:15:09,69.3833,178.4167,-8.14,93,100,1.61
207,Pevek,RU,2022-01-30 16:16:18,69.7008,170.3133,-11.88,95,100,1.14
208,Cockburn Town,TC,2022-01-30 16:15:59,21.4612,-71.1419,74.53,78,64,18.01
209,Touros,BR,2022-01-30 16:16:18,-5.1989,-35.4608,88.7,61,23,15.84
210,Mogadishu,SO,2022-01-30 16:13:54,2.0371,45.3438,78.04,79,27,21.56
211,Healesville,AU,2022-01-30 16:15:29,-37.65,145.5167,69.96,99,16,1.43
212,Fairbanks,US,2022-01-30 16:16:09,64.8378,-147.7164,-27.44,69,0,0.0
213,Alta Floresta,BR,2022-01-30 16:16:20,-9.8756,-56.0861,72.45,96,100,5.7
214,Bowen,AU,2022-01-30 16:16:20,-20.0167,148.2333,77.99,86,36,9.95
215,Bara,NG,2022-01-30 16:16:21,10.3744,10.7288,85.69,11,90,12.62
216,Ola,RU,2022-01-30 16:16:22,59.5833,151.2833,7.2,79,100,11.07
217,Varkaus,FI,2022-01-30 16:16:22,62.3153,27.873,23.11,95,100,7.7
218,Vestmanna,FO,2022-01-30 16:16:22,62.1564,-7.1664,34.72,93,100,10.36
219,Tolaga Bay,NZ,2022-01-30 16:16:23,-38.3667,178.3,60.01,92,10,7.29
220,Ormara,PK,2022-01-30 16:16:23,25.2088,64.6357,73.33,79,0,16.78
221,Caluquembe,AO,2022-01-30 16:14:40,-13.7833,14.6833,66.4,72,100,7.47
222,Tarapur,IN,2022-01-30 16:16:24,19.85,72.7,70.83,53,0,6.71
223,Bengkulu,ID,2022-01-30 16:16:09,-3.8004,102.2655,76.66,92,100,5.7
224,Sasvad,IN,2022-01-30 16:16:24,18.3333,74.0333,68.63,29,0,3.6
225,Merauke,ID,2022-01-30 16:16:25,-8.4667,140.3333,77.4,88,100,5.97
226,San Andres,CO,2022-01-30 16:16:25,12.5847,-81.7006,84.22,61,20,8.05
227,Cidreira,BR,2022-01-30 16:16:26,-30.1811,-50.2056,77.04,57,10,14.99
228,Aloleng,PH,2022-01-30 16:17:26,16.1307,119.7824,77.63,77,11,18.48
229,Los Llanos De Aridane,ES,2022-01-30 16:17:27,28.6585,-17.9182,65.95,79,20,4.0
230,Sola,VU,2022-01-30 16:17:27,-13.8833,167.55,80.01,83,100,18.86
231,Stromness,GB,2022-01-30 16:17:28,58.965,-3.296,39.45,94,100,27.45
232,Lavrentiya,RU,2022-01-30 16:17:28,65.5833,-171.0,-3.91,86,4,4.32
233,Ilulissat,GL,2022-01-30 16:17:29,69.2167,-51.1,6.82,78,75,17.27
234,Beloha,MG,2022-01-30 16:17:29,-25.1667,45.05,76.44,62,82,16.8
235,Kendal,GB,2022-01-30 16:17:30,54.3268,-2.7476,44.73,81,100,18.54
236,Barranca,PE,2022-01-30 16:17:30,-10.75,-77.7667,73.02,74,100,8.23
237,Dufftown,GB,2022-01-30 16:17:31,57.4333,-3.1333,40.51,82,100,10.27
238,Khandyga,RU,2022-01-30 16:17:31,62.6667,135.6,-38.76,100,48,1.57
239,Hachinohe,JP,2022-01-30 16:17:31,40.5,141.5,21.81,71,36,12.71
240,Lasa,IT,2022-01-30 16:17:32,46.6166,10.7002,57.11,88,3,9.35
241,Caibarien,CU,2022-01-30 16:17:33,22.5206,-79.4669,65.52,52,10,14.03
242,Russell,US,2022-01-30 16:16:11,32.3502,-85.1999,53.06,37,0,6.91
243,Ambon,ID,2022-01-30 16:17:33,-3.6954,128.1814,82.54,74,40,4.61
244,Uray,RU,2022-01-30 16:17:34,60.1247,64.7758,-2.06,99,100,3.15
245,Bandundu,CD,2022-01-30 16:17:34,-3.3167,17.3667,89.13,48,100,2.98
246,Brae,GB,2022-01-30 16:17:34,60.3964,-1.353,40.91,70,100,16.55
247,Plettenberg Bay,ZA,2022-01-30 16:17:35,-34.0527,23.3716,72.01,88,56,10.71
248,Cairns,AU,2022-01-30 16:17:35,-16.9167,145.7667,78.06,94,56,8.05
249,Buchanan,LR,2022-01-30 16:17:35,5.8808,-10.0467,91.36,65,64,13.18
250,Kangaatsiaq,GL,2022-01-30 16:17:36,68.3065,-53.4641,6.8,79,100,21.39
251,Sangar,RU,2022-01-30 16:17:36,63.9242,127.4739,-33.9,99,25,2.77
252,Saint-Augustin,CA,2022-01-30 16:16:41,51.226,-58.6502,35.47,98,100,30.69
253,Ixtapa,MX,2022-01-30 16:17:37,20.7,-105.2,70.83,64,0,6.91
254,Moose Factory,CA,2022-01-30 16:17:37,51.2585,-80.6094,-5.8,77,0,9.22
255,Bethel,US,2022-01-30 16:17:38,41.3712,-73.414,21.42,53,0,6.91
256,Carballo,ES,2022-01-30 16:17:38,43.213,-8.691,63.82,64,0,1.83
257,Ponta Do Sol,PT,2022-01-30 16:17:38,32.6667,-17.1,72.12,34,0,8.25
258,Waingapu,ID,2022-01-30 16:17:39,-9.6567,120.2641,79.99,78,100,10.6
259,Adrar,MR,2022-01-30 16:17:39,20.5022,-10.0711,86.05,9,100,18.72
260,Ukhta,RU,2022-01-30 16:17:40,63.5671,53.6835,10.76,95,100,5.61
261,Prestea,GH,2022-01-30 16:16:19,5.4327,-2.1428,99.46,15,43,5.21
262,Were Ilu,ET,2022-01-30 16:17:40,10.6,39.4333,56.01,48,49,8.21
263,Hervey Bay,AU,2022-01-30 16:17:41,-25.2986,152.8535,73.51,84,80,7.4
264,Kununurra,AU,2022-01-30 16:15:24,-15.7667,128.7333,80.58,78,100,14.97
265,Tasiilaq,GL,2022-01-30 16:16:29,65.6145,-37.6368,8.76,35,0,34.74
266,Bilma,NE,2022-01-30 16:17:41,18.6853,12.9164,71.76,11,2,16.53
267,Hasaki,JP,2022-01-30 16:17:42,35.7333,140.8333,34.2,51,94,14.47
268,Ussel,FR,2022-01-30 16:17:42,45.55,2.3167,40.73,75,32,5.82
269,Yeppoon,AU,2022-01-30 16:17:19,-23.1333,150.7333,74.98,82,15,11.9
270,Raahe,FI,2022-01-30 16:17:43,64.6833,24.4833,15.89,91,100,13.71
271,Bintulu,MY,2022-01-30 16:17:43,3.1667,113.0333,75.61,100,40,4.61
272,Verkhnetulomskiy,RU,2022-01-30 16:17:44,68.6073,31.7962,-2.07,99,97,3.11
273,Kaitangata,NZ,2022-01-30 16:17:44,-46.2817,169.8464,54.54,96,57,2.37
274,Praia,CV,2022-01-30 16:17:45,14.9215,-23.5087,68.54,77,100,23.02
275,Washington,US,2022-01-30 16:17:38,47.5001,-120.5015,25.77,83,100,2.44
276,Kinablangan,PH,2022-01-30 16:18:45,7.6947,126.5503,76.89,83,28,4.65
277,Faanui,PF,2022-01-30 16:18:46,-16.4833,-151.75,79.79,73,68,6.8
278,Lebu,CL,2022-01-30 16:16:24,-37.6167,-73.65,63.39,73,75,14.65
279,Morales,CO,2022-01-30 16:18:46,2.757,-76.6172,68.77,76,100,2.19
280,Druzhba,UA,2022-01-30 16:18:47,52.0428,33.9453,32.61,97,100,13.27
281,Cayenne,GF,2022-01-30 16:18:47,4.9333,-52.3333,82.44,86,75,5.01
282,Jimenez,MX,2022-01-30 16:18:48,28.3333,-105.4,52.54,50,26,9.06
283,Bollnas,SE,2022-01-30 16:18:48,61.3482,16.3946,30.38,70,64,14.65
284,Cotacachi,EC,2022-01-30 16:18:48,0.3,-78.2667,60.35,77,100,3.29
285,Muzhi,RU,2022-01-30 16:18:49,65.3667,64.6667,3.81,96,100,2.51
286,Wajima,JP,2022-01-30 16:18:49,37.4,136.9,33.89,60,92,9.86
287,Olafsvik,IS,2022-01-30 16:18:50,64.8945,-23.7142,28.54,58,100,39.03
288,Hamilton,US,2022-01-30 16:13:56,39.1834,-84.5333,34.21,59,0,1.99
289,Itarema,BR,2022-01-30 16:18:50,-2.9248,-39.9167,77.16,86,100,9.8
290,Ketchikan,US,2022-01-30 16:18:50,55.3422,-131.6461,35.58,93,75,4.61
291,Sur,OM,2022-01-30 16:18:15,22.5667,59.5289,73.4,65,1,4.7
292,Arraial Do Cabo,BR,2022-01-30 16:16:40,-22.9661,-42.0278,89.56,74,75,11.5
293,Vilhena,BR,2022-01-30 16:18:51,-12.7406,-60.1458,73.62,94,75,11.5
294,Leshukonskoye,RU,2022-01-30 16:18:51,64.8989,45.7622,11.14,94,100,6.89
295,Kologriv,RU,2022-01-30 16:18:52,58.8275,44.3178,12.24,97,100,6.06
296,Qaqortoq,GL,2022-01-30 16:18:52,60.7167,-46.0333,9.1,62,100,8.88
297,Zaysan,KZ,2022-01-30 16:18:53,47.4667,84.8667,6.03,86,100,2.08
298,Seminole,US,2022-01-30 16:18:53,28.7086,-81.2081,51.26,29,0,9.22
299,Mirador,BR,2022-01-30 16:18:53,-6.3708,-44.3631,81.81,78,78,4.92
300,Sorgun,TR,2022-01-30 16:18:54,39.8101,35.186,24.66,93,93,5.35
301,Manadhoo,MV,2022-01-30 16:18:54,5.7667,73.3833,82.04,76,27,14.56
302,Yatou,CN,2022-01-30 16:18:54,37.15,122.3833,28.67,56,0,3.67
303,Laguna,US,2022-01-30 16:18:55,38.421,-121.4238,49.08,90,0,1.99
304,Avera,US,2022-01-30 16:18:55,33.194,-82.5271,47.44,29,0,13.4
305,Lebedinyy,RU,2022-01-30 16:18:56,58.5167,125.5167,-13.95,99,100,3.6
306,Ramshir,IR,2022-01-30 16:18:56,30.8946,49.4092,55.15,33,26,9.28
307,Santa Rosalia,MX,2022-01-30 16:18:57,27.3167,-112.2833,62.87,34,76,0.98
308,Mercedes,AR,2022-01-30 16:15:34,-34.6515,-59.4307,86.52,33,0,9.31
309,Vostok,RU,2022-01-30 16:18:58,46.4856,135.8833,-20.61,99,72,3.83
310,Balagansk,RU,2022-01-30 16:18:59,54.0103,103.0544,-17.9,100,89,1.63
311,Okhotsk,RU,2022-01-30 16:18:59,59.3833,143.3,14.76,77,100,17.18
312,Beni,CD,2022-01-30 16:19:00,0.5,29.4667,79.72,36,93,1.36
313,Umba,RU,2022-01-30 16:19:00,66.6871,34.3429,0.41,99,64,5.97
314,Shenxian,CN,2022-01-30 16:19:00,36.2411,115.6672,36.3,76,4,10.29
315,Bom Jardim,BR,2022-01-30 16:19:01,-7.7958,-35.5872,86.34,45,100,13.69
316,Eyl,SO,2022-01-30 16:19:01,7.9803,49.8164,76.01,73,100,17.6
317,Sao Joao Da Barra,BR,2022-01-30 16:19:02,-21.6403,-41.0511,89.69,71,82,6.78
318,Saint Anthony,US,2022-01-30 16:16:07,45.0205,-93.218,17.65,69,0,11.5
319,Lorengau,PG,2022-01-30 16:19:02,-2.0226,147.2712,79.5,83,100,10.96
320,Hualmay,PE,2022-01-30 16:20:02,-11.0964,-77.6139,74.08,73,100,8.5
321,Richards Bay,ZA,2022-01-30 16:20:03,-28.783,32.0377,77.59,69,29,10.18
322,Magadi,IN,2022-01-30 16:20:03,12.9667,77.2333,73.74,56,48,6.53
323,Ribeira Brava,PT,2022-01-30 16:20:04,32.65,-17.0667,72.12,35,0,9.71
324,Paka,MY,2022-01-30 16:20:04,4.6374,103.4368,76.93,88,92,0.0
325,Helong,CN,2022-01-30 16:20:05,42.5397,128.9972,6.15,90,5,5.48
326,Pittsburg,US,2022-01-30 16:20:05,38.028,-121.8847,51.64,82,0,3.0
327,Fare,PF,2022-01-30 16:20:05,-16.7,-151.0167,80.04,73,27,7.67
328,Bud,US,2022-01-30 16:20:06,39.447,-86.1758,34.75,64,42,7.0
329,Iquitos,PE,2022-01-30 16:17:12,-3.7481,-73.2472,86.04,58,0,13.8
330,Haines Junction,CA,2022-01-30 16:20:06,60.7522,-137.5108,10.35,61,99,12.66
331,Fortuna,US,2022-01-30 16:20:07,40.5982,-124.1573,44.65,96,100,1.01
332,Panama City,PA,2022-01-30 16:16:10,8.9936,-79.5197,89.17,52,40,12.66
333,Nanyamba,TZ,2022-01-30 16:20:07,-10.6833,39.8333,73.51,95,74,3.87
334,Aklavik,CA,2022-01-30 16:20:08,68.2191,-135.0107,1.4,78,100,5.75
335,Sebezh,RU,2022-01-30 16:20:08,56.2955,28.4654,31.96,96,100,5.79
336,Caucaia,BR,2022-01-30 16:20:08,-3.7361,-38.6531,87.75,70,40,19.57
337,Vila Franca Do Campo,PT,2022-01-30 16:20:09,37.7167,-25.4333,57.61,79,81,13.85
338,Cabedelo,BR,2022-01-30 16:20:09,-6.9811,-34.8339,88.47,67,95,14.25
339,Victoria,HK,2022-01-30 16:15:48,22.2855,114.1577,61.32,72,29,1.01
340,Ashcroft,CA,2022-01-30 16:20:10,50.7165,-121.2859,37.74,97,100,4.65
341,Alyangula,AU,2022-01-30 16:20:10,-13.8483,136.4192,81.25,79,100,17.07
342,Bealanana,MG,2022-01-30 16:20:10,-14.55,48.7333,69.87,84,77,3.31
343,Raymond,US,2022-01-30 16:18:54,43.9015,-70.4703,18.61,66,98,6.87
344,Boa Vista,BR,2022-01-30 16:20:11,2.8197,-60.6733,91.38,38,40,14.97
345,Bafoulabe,ML,2022-01-30 16:20:11,13.8065,-10.8321,101.77,6,9,8.23
346,Vao,NC,2022-01-30 16:20:12,-22.6667,167.4833,79.14,86,99,14.25
347,Tulun,RU,2022-01-30 16:20:12,54.5611,100.5792,-10.03,100,100,3.04
348,Katsuura,JP,2022-01-30 16:20:12,35.1333,140.3,41.18,63,100,9.19
349,Uyovu,TZ,2022-01-30 16:18:07,-3.2833,31.5258,68.92,85,99,4.72
350,Port-Cartier,CA,2022-01-30 16:20:13,50.0334,-66.8654,6.75,76,100,18.07
351,Dalvik,IS,2022-01-30 16:20:13,65.9702,-18.5286,26.53,79,94,18.84
352,Pisco,PE,2022-01-30 16:20:13,-13.7,-76.2167,77.02,73,0,11.5
353,Harper,LR,2022-01-30 16:20:14,4.375,-7.7169,84.78,67,70,11.63
354,Shimoda,JP,2022-01-30 16:20:14,34.6667,138.95,39.11,63,100,12.21
355,Sioux Lookout,CA,2022-01-30 16:20:15,50.1001,-91.917,-1.82,84,100,4.61
356,Aksarka,RU,2022-01-30 16:20:15,66.5606,67.7975,-3.48,97,100,6.53
357,Portland,US,2022-01-30 16:18:29,45.5234,-122.6762,40.24,83,75,11.5
358,Aitape,PG,2022-01-30 16:20:15,-3.1374,142.3475,78.21,87,100,11.27
359,Amalapuram,IN,2022-01-30 16:20:16,16.5833,82.0167,68.09,91,5,3.56
360,Brownwood,US,2022-01-30 16:20:16,31.7093,-98.9912,57.54,37,0,0.0
361,Khvoynaya,RU,2022-01-30 16:20:16,58.9,34.5333,22.73,94,100,10.31
362,Hami,CN,2022-01-30 16:20:17,42.8,93.45,24.96,38,100,3.51
363,Sirsa,IN,2022-01-30 16:20:17,29.5333,75.0167,57.99,37,0,4.07
364,Te Anau,NZ,2022-01-30 16:20:18,-45.4167,167.7167,53.89,94,12,0.51
365,Westport,US,2022-01-30 16:17:30,41.1415,-73.3579,22.78,48,0,1.01
366,Prince Rupert,CA,2022-01-30 16:20:18,54.3161,-130.3201,37.09,93,100,3.44
367,Ahuimanu,US,2022-01-30 16:20:19,21.4447,-157.8378,73.11,72,20,1.99
368,Maniitsoq,GL,2022-01-30 16:20:19,65.4167,-52.9,13.62,76,100,15.21
369,Tilichiki,RU,2022-01-30 16:21:20,60.4667,166.1,25.34,80,97,21.16
370,Tungor,RU,2022-01-30 16:21:20,53.3808,142.9564,2.23,91,99,17.9
371,Atbasar,KZ,2022-01-30 16:21:20,51.8,68.3333,4.23,95,92,11.14
372,Radaur,IN,2022-01-30 16:21:21,30.0333,77.15,52.86,62,1,8.32
373,Nadvoitsy,RU,2022-01-30 16:21:21,63.8667,34.3167,15.12,95,100,4.59
374,Vallenar,CL,2022-01-30 16:21:22,-28.5708,-70.7581,76.71,40,0,7.18
375,Collie,AU,2022-01-30 16:21:22,-33.3667,116.15,63.99,81,0,11.65
376,Aykhal,RU,2022-01-30 16:21:22,66.0,111.5,-21.87,100,53,3.38
377,Araouane,ML,2022-01-30 16:17:34,18.9048,-3.5265,88.07,9,15,16.53
378,Iskateley,RU,2022-01-30 16:21:23,67.6803,53.1512,12.7,92,100,14.03
379,Tumut,AU,2022-01-30 16:21:23,-35.3,148.2167,66.87,91,50,3.62
380,College,US,2022-01-30 16:21:24,64.8569,-147.8028,-25.35,68,20,3.44
381,Padang,ID,2022-01-30 16:21:24,-0.9492,100.3543,75.25,91,100,4.5
382,Port Moresby,PG,2022-01-30 16:21:25,-9.4431,147.1797,76.42,83,100,11.5
383,Tuim,RU,2022-01-30 16:21:25,54.3417,89.9261,-3.69,98,44,4.38
384,Fukuma,JP,2022-01-30 16:21:26,33.7667,130.4667,42.8,55,90,11.16
385,Calbuco,CL,2022-01-30 16:21:26,-41.768,-73.1273,60.01,51,27,6.91
386,Kamaishi,JP,2022-01-30 16:21:27,39.2667,141.8833,25.29,59,32,7.99
387,Key Largo,US,2022-01-30 16:19:41,25.0865,-80.4473,56.01,38,0,14.65
388,Tallahassee,US,2022-01-30 16:17:40,30.4383,-84.2807,53.1,33,0,1.01
389,Roma,US,2022-01-30 16:18:03,43.2128,-75.4557,17.65,51,73,3.0
390,Torbay,CA,2022-01-30 16:21:28,47.6666,-52.7314,50.77,94,100,32.21
391,Proletariy,RU,2022-01-30 16:21:28,58.4342,31.7046,27.1,93,99,10.0
392,Panaba,MX,2022-01-30 16:21:28,21.2833,-88.2667,70.39,51,55,9.04
393,Serdobsk,RU,2022-01-30 16:21:29,52.4586,44.2169,25.05,95,95,9.71
394,Svetlogorsk,BY,2022-01-30 16:21:29,52.6333,29.7333,32.02,98,100,10.69
395,Arlit,NE,2022-01-30 16:21:30,18.7369,7.3853,79.11,10,4,23.6
396,Shagonar,RU,2022-01-30 16:21:30,51.5333,92.8,-18.18,97,83,1.59
397,Tura,IN,2022-01-30 16:21:31,25.5198,90.2201,53.22,55,9,2.75
398,Herat,AF,2022-01-30 16:21:31,34.5,62.0,41.58,69,0,6.8
399,Majene,ID,2022-01-30 16:21:32,-3.5403,118.9707,77.4,82,100,5.19
400,Jinchang,CN,2022-01-30 16:21:32,38.4953,102.1739,16.39,39,6,4.0
401,Mirpur Khas,PK,2022-01-30 16:21:32,25.5251,69.0159,69.82,53,0,10.16
402,Lerik,AZ,2022-01-30 16:21:33,38.7726,48.4128,30.92,73,61,8.48
403,Suntar,RU,2022-01-30 16:21:33,62.1444,117.6319,-13.54,98,52,4.52
404,Alofi,NU,2022-01-30 16:21:34,-19.0595,-169.9187,73.29,94,92,1.14
405,Menongue,AO,2022-01-30 16:21:34,-14.6585,17.691,62.89,77,100,12.17
406,Lompoc,US,2022-01-30 16:21:16,34.6391,-120.4579,57.78,55,0,6.91
407,Chimore,BO,2022-01-30 16:21:35,-16.9833,-65.1333,90.61,44,81,2.62
408,Londoko,RU,2022-01-30 16:21:35,49.0333,131.9833,-16.29,99,12,2.68
409,Broken Hill,AU,2022-01-30 16:21:35,-31.95,141.4333,81.27,58,91,9.57
410,Argelia,CO,2022-01-30 16:21:36,2.2556,-77.2488,69.42,89,100,0.51
411,Mahebourg,MU,2022-01-30 16:21:36,-20.4081,57.7,81.25,78,75,13.8
412,Mabaruma,GY,2022-01-30 16:21:37,8.2,-59.7833,86.92,47,22,6.71
413,Esperance,AU,2022-01-30 16:21:37,-33.8667,121.9,72.57,56,64,9.66
414,Nishihara,JP,2022-01-30 16:21:38,26.1842,127.7558,58.28,63,75,26.46
415,Ishinomaki,JP,2022-01-30 16:22:38,38.4167,141.3,29.03,67,40,17.63
416,Otane,NZ,2022-01-30 16:22:39,-39.8833,176.6333,61.39,81,74,3.94
417,Havre-Saint-Pierre,CA,2022-01-30 16:22:39,50.2334,-63.5986,10.99,78,100,16.11
418,La Sarre,CA,2022-01-30 16:22:39,48.8002,-79.1996,5.58,87,99,7.52
419,Jackson,US,2022-01-30 16:22:40,42.4165,-122.8345,51.04,85,0,0.0
420,Punta De Bombon,PE,2022-01-30 16:22:40,-17.1717,-71.7931,71.83,67,87,7.43
421,Alice Springs,AU,2022-01-30 16:22:40,-23.7,133.8833,72.95,100,75,12.66
422,Bontang,ID,2022-01-30 16:22:41,0.1333,117.5,78.87,83,86,5.5
423,Karema,TZ,2022-01-30 16:22:41,-6.8205,30.4389,72.73,86,100,10.07
424,Roebourne,AU,2022-01-30 16:22:42,-20.7833,117.1333,85.33,60,35,22.88
425,Tuy Hoa,VN,2022-01-30 16:22:42,13.0833,109.3,73.51,90,66,2.39
426,Lecce,IT,2022-01-30 16:22:42,40.2167,18.1667,54.07,62,0,4.61
427,Mocuba,MZ,2022-01-30 16:22:43,-16.8392,36.9856,75.18,92,20,4.76
428,Qui Nhon,VN,2022-01-30 16:22:43,13.7667,109.2333,75.61,86,93,6.51
429,Kidal,ML,2022-01-30 16:22:43,18.4411,1.4078,84.51,10,4,18.59
430,Isabela,PH,2022-01-30 16:22:44,6.7085,121.9711,78.33,84,71,2.59
431,Macas,EC,2022-01-30 16:20:09,-2.3167,-78.1167,69.55,94,100,8.05
432,Goderich,CA,2022-01-30 16:22:45,43.7501,-81.7165,18.91,73,100,6.91
433,Caravelas,BR,2022-01-30 16:18:11,-17.7125,-39.2481,88.79,57,84,12.44
434,Acapulco,MX,2022-01-30 16:22:45,16.8634,-99.8901,80.42,65,0,2.3
435,Sitka,US,2022-01-30 16:22:45,57.0531,-135.33,35.49,80,100,9.22
436,Shaunavon,CA,2022-01-30 16:22:46,49.6501,-108.4181,33.58,69,83,10.27
437,Arman,RU,2022-01-30 16:22:46,59.7,150.1667,4.14,78,100,12.82
438,Kutum,SD,2022-01-30 16:22:47,14.2,24.6667,69.96,12,1,11.95
439,Rio Gallegos,AR,2022-01-30 16:22:47,-51.6226,-69.2181,55.45,35,40,31.07
440,Camopi,GF,2022-01-30 16:22:47,3.1655,-52.3158,83.16,68,86,5.03
441,Ponta Delgada,PT,2022-01-30 16:22:01,37.7333,-25.6667,57.92,77,40,14.97
442,Teguise,ES,2022-01-30 16:22:48,29.0605,-13.564,64.62,56,0,8.05
443,Jawhar,SO,2022-01-30 16:22:48,2.7809,45.5005,79.52,57,97,19.86
444,Provost,CA,2022-01-30 16:22:49,52.3501,-110.2683,18.01,87,51,6.2
445,Marion,US,2022-01-30 16:22:49,39.7684,-86.1555,34.21,61,0,5.75
446,Virginia Beach,US,2022-01-30 16:18:33,36.8529,-75.978,33.85,44,0,6.91
447,Sabha,LY,2022-01-30 16:22:50,27.0377,14.4283,56.98,33,3,14.2
448,Svetlyy,RU,2022-01-30 16:22:50,54.675,20.1347,36.97,73,100,32.19
449,Eureka,US,2022-01-30 16:20:19,40.8021,-124.1637,44.92,93,86,4.99
450,Korla,CN,2022-01-30 16:22:50,41.7597,86.1469,23.92,58,14,1.88
451,Mapiripan,CO,2022-01-30 16:22:51,2.8892,-72.1256,92.89,27,86,14.45
452,Terrace Bay,CA,2022-01-30 16:22:51,48.7834,-87.1,2.82,91,92,7.74
453,Belyy Yar,RU,2022-01-30 16:22:52,53.6039,91.3903,-17.14,77,100,2.24
454,Bandarbeyla,SO,2022-01-30 16:22:52,9.4942,50.8122,76.06,73,38,16.06
455,Krasnoselkup,RU,2022-01-30 16:22:53,65.7,82.4667,-3.23,99,98,7.83
456,Nan,TH,2022-01-30 16:22:53,18.8333,100.6667,66.25,52,9,0.54
457,Saint-Georges,GD,2022-01-30 16:22:53,12.0564,-61.7485,83.88,70,40,25.32
458,Maceio,BR,2022-01-30 16:22:54,-9.6658,-35.7353,89.04,62,75,13.8
459,Shizuishan,CN,2022-01-30 16:22:54,39.2333,106.7694,16.57,31,0,6.44
460,Inuvik,CA,2022-01-30 16:22:55,68.3499,-133.7218,1.44,80,100,4.61
461,Tubuala,PA,2022-01-30 16:23:55,9.5167,-79.0333,88.34,60,75,12.64
462,Saint-Joseph,RE,2022-01-30 16:23:55,-21.3667,55.6167,79.18,77,54,14.07
463,Terney,RU,2022-01-30 16:23:56,45.0503,136.6092,1.81,82,2,10.31
464,Mbandaka,CD,2022-01-30 16:23:56,0.0487,18.2603,89.28,28,100,4.16
465,Luwingu,ZM,2022-01-30 16:23:57,-10.2621,29.9271,62.91,97,100,2.62
466,Antofagasta,CL,2022-01-30 16:23:57,-23.65,-70.4,71.22,64,22,9.51
467,Gravdal,NO,2022-01-30 16:23:58,68.1214,13.5031,31.89,86,100,11.5
468,Sinop,TR,2022-01-30 16:23:58,41.7711,34.8709,30.63,83,88,11.88
469,Havelock,US,2022-01-30 16:23:59,34.8791,-76.9013,38.01,32,0,3.0
470,Ternate,ID,2022-01-30 16:23:59,0.8,127.4,80.31,80,100,7.72
471,San Policarpo,PH,2022-01-30 16:24:00,12.1791,125.5072,79.54,81,30,2.13
472,Odoyev,RU,2022-01-30 16:24:00,53.9393,36.6864,24.87,95,100,14.34
473,Kalmunai,LK,2022-01-30 16:24:00,7.4167,81.8167,78.12,85,23,7.92
474,Niksic,ME,2022-01-30 16:24:01,42.7731,18.9445,42.67,85,10,4.88
475,Gobabis,NA,2022-01-30 16:24:01,-22.45,18.9667,69.39,78,98,17.02
476,Mayumba,GA,2022-01-30 16:24:01,-3.432,10.6554,81.12,75,89,7.23
477,Warmbad,NA,2022-01-30 16:24:02,-28.45,18.7333,78.82,52,99,28.07
478,Oroville,US,2022-01-30 16:24:02,39.5138,-121.5564,54.93,72,0,6.91
479,Sao Jose Da Coroa Grande,BR,2022-01-30 16:24:03,-8.8978,-35.1478,84.07,68,78,11.65
480,Nadym,RU,2022-01-30 16:24:03,65.5333,72.5167,-5.94,95,73,8.97
481,Kalianget,ID,2022-01-30 16:24:04,-7.05,113.9333,78.93,85,100,10.8
482,Huarmey,PE,2022-01-30 16:24:04,-10.0681,-78.1522,72.82,79,100,6.93
483,Oistins,BB,2022-01-30 16:19:59,13.0667,-59.5333,80.69,69,20,17.27
484,Viedma,AR,2022-01-30 16:20:26,-40.8135,-62.9967,69.1,33,47,27.98
485,Sangolqui,EC,2022-01-30 16:24:05,-0.3341,-78.4522,59.49,87,100,2.51
486,Elizabeth City,US,2022-01-30 16:24:06,36.2946,-76.2511,32.02,46,0,3.0
487,Roald,NO,2022-01-30 16:24:06,62.5833,6.1333,35.01,75,75,4.61
488,Kondinskoye,RU,2022-01-30 16:24:06,59.6481,67.41,5.23,97,100,3.91
489,Marsaxlokk,MT,2022-01-30 16:24:07,35.8419,14.5431,57.07,76,20,16.11
490,Tevaitoa,PF,2022-01-30 16:24:07,-16.7833,-151.5,79.36,74,36,6.85
491,Jalu,LY,2022-01-30 16:24:08,29.0331,21.5482,57.49,46,82,19.98
492,Kirakira,SB,2022-01-30 16:24:08,-10.4544,161.9205,80.29,85,100,5.44
493,Thunder Bay,CA,2022-01-30 16:20:02,48.4001,-89.3168,10.56,77,20,8.05
494,Longyearbyen,SJ,2022-01-30 16:22:00,78.2186,15.6401,10.24,67,20,18.41
495,Gustavo Diaz Ordaz,MX,2022-01-30 16:24:09,26.2333,-98.5833,65.89,71,0,12.12
496,Trat,TH,2022-01-30 16:24:09,12.5,102.5,84.97,92,28,1.9
497,Severobaykalsk,RU,2022-01-30 16:24:10,55.65,109.3167,-9.94,95,99,4.18
498,Fairmont,US,2022-01-30 16:23:56,39.4851,-80.1426,29.52,59,94,5.99
499,Jining,CN,2022-01-30 16:24:10,35.405,116.5814,34.59,73,14,7.67
500,Buraydah,SA,2022-01-30 16:24:11,26.326,43.975,64.85,35,44,10.11
501,Emerald,AU,2022-01-30 16:24:11,-23.5333,148.1667,78.94,73,20,9.22
502,Egvekinot,RU,2022-01-30 16:24:12,66.3167,-179.1667,0.0,63,40,7.45
503,Baglung,NP,2022-01-30 16:24:12,28.2719,83.5898,50.32,83,89,1.63
504,Remedios,CU,2022-01-30 16:24:13,22.4947,-79.5458,65.32,50,9,13.58
505,Sinnamary,GF,2022-01-30 16:25:13,5.3833,-52.95,81.19,73,70,9.1
506,Saint-Raymond,CA,2022-01-30 16:25:13,45.467,-73.6095,12.81,53,20,4.61
507,Muroto,JP,2022-01-30 16:25:14,33.2833,134.15,46.81,60,41,11.63
508,Serta,PT,2022-01-30 16:25:14,39.8085,-8.0988,64.99,27,94,3.38
509,Goure,NE,2022-01-30 16:25:15,13.9835,10.2704,76.01,8,72,18.77
510,Takoradi,GH,2022-01-30 16:25:15,4.8845,-1.7554,83.84,67,90,11.65
511,Saskylakh,RU,2022-01-30 16:25:16,71.9167,114.0833,-16.74,100,100,2.75
512,Joao Pinheiro,BR,2022-01-30 16:25:16,-17.7425,-46.1725,81.21,58,57,8.59
513,Novyy Urgal,RU,2022-01-30 16:25:17,51.0736,132.5642,-26.37,100,88,1.32
514,Hobyo,SO,2022-01-30 16:25:17,5.3505,48.5268,77.02,74,92,15.64
515,Pozo Colorado,PY,2022-01-30 16:25:21,-23.4923,-58.7972,99.75,20,0,2.98
516,Binzhou,CN,2022-01-30 16:25:21,37.3667,118.0167,32.63,62,29,8.01
517,Muisne,EC,2022-01-30 16:25:21,0.6,-80.0333,84.31,76,100,3.33
518,Jieshi,CN,2022-01-30 16:25:22,22.8134,115.8257,57.74,70,18,15.01
519,Casian,PH,2022-01-30 16:25:22,11.035,119.7136,80.65,79,2,4.18
520,Dickinson,US,2022-01-30 16:25:23,29.4608,-95.0513,62.15,63,0,1.01
521,Ankazoabo,MG,2022-01-30 16:25:23,-22.2833,44.5167,86.27,37,35,7.63
522,Am Timan,TD,2022-01-30 16:25:24,11.0297,20.2827,87.84,12,9,3.94
523,Gushikawa,JP,2022-01-30 16:25:24,26.3544,127.8686,58.23,62,40,16.11
524,Doha,QA,2022-01-30 16:25:24,25.2867,51.5333,66.18,50,0,11.5
525,Lengshuijiang,CN,2022-01-30 16:25:25,27.6881,111.4294,38.86,85,100,2.37
526,Toamasina,MG,2022-01-30 16:25:25,-18.1667,49.3833,78.8,78,40,4.61
527,Nikki,BJ,2022-01-30 16:25:25,9.9401,3.2108,90.25,7,100,10.58
528,Beyneu,KZ,2022-01-30 16:25:26,45.3167,55.2,32.61,79,97,12.75
529,Wajir,KE,2022-01-30 16:25:26,1.7471,40.0573,91.49,22,30,5.61
530,Clovis,US,2022-01-30 16:25:27,36.8252,-119.7029,52.68,81,0,0.0
531,Piacabucu,BR,2022-01-30 16:25:27,-10.4056,-36.4344,86.76,59,66,12.82
532,Baherden,TM,2022-01-30 16:25:27,38.4362,57.4316,46.11,55,0,7.87
533,Kabinda,CD,2022-01-30 16:25:28,-6.1333,24.4833,73.02,87,92,5.84
534,Camana,PE,2022-01-30 16:25:28,-16.6228,-72.7111,73.76,65,47,8.1
535,Kanigoro,ID,2022-01-30 16:25:29,-8.13,112.219,73.83,95,100,2.46
536,Kaabong,UG,2022-01-30 16:25:29,3.4836,34.1492,75.76,30,88,11.95
537,Yenagoa,NG,2022-01-30 16:25:29,4.9247,6.2642,97.92,11,100,3.96
538,Abha,SA,2022-01-30 16:25:30,18.2164,42.5053,58.82,63,0,5.75
539,Piritiba,BR,2022-01-30 16:25:30,-11.7303,-40.5553,83.57,54,49,5.73
540,Nautla,MX,2022-01-30 16:25:31,20.2167,-96.7833,64.26,69,0,2.37
541,Kushima,JP,2022-01-30 16:25:31,31.4583,131.2333,40.12,77,1,9.19
542,Aksu,CN,2022-01-30 16:25:31,41.1231,80.2644,25.43,46,50,2.39
543,Vardo,NO,2022-01-30 16:25:32,70.3705,31.1107,24.55,74,86,3.83
544,Shu,KZ,2022-01-30 16:25:32,43.5983,73.7614,31.78,84,7,2.42
545,Taltal,CL,2022-01-30 16:25:32,-25.4,-70.4833,68.38,70,23,7.36
546,Angermunde,DE,2022-01-30 16:25:33,53.015,13.9992,43.95,69,7,19.15
547,Pacific Grove,US,2022-01-30 16:25:33,36.6177,-121.9166,51.57,78,0,1.99
548,Dolores,AR,2022-01-30 16:25:34,-36.3132,-57.6792,83.1,45,12,14.47
549,Redmond,US,2022-01-30 16:25:02,47.674,-122.1215,47.86,74,100,1.01
550,La Rioja,ES,2022-01-30 16:25:34,42.25,-2.5,59.31,39,0,4.27
551,Grindavik,IS,2022-01-30 16:25:35,63.8424,-22.4338,28.35,68,75,37.98
552,Sobolevo,RU,2022-01-30 16:25:35,54.4299,31.8996,32.47,96,100,9.93
553,Belen,TR,2022-01-30 16:25:35,36.4891,36.2233,33.94,87,75,16.11
554,Loding,NO,2022-01-30 16:26:36,67.3,14.75,31.84,89,40,1.01
555,Onega,RU,2022-01-30 16:26:36,63.9061,38.1404,14.52,93,100,8.12
556,Hobbs,US,2022-01-30 16:26:37,32.7026,-103.136,49.66,35,100,1.01
557,Pundaguitan,PH,2022-01-30 16:26:37,6.3711,126.1689,80.71,79,24,12.01
558,Santa Cruz,BO,2022-01-30 16:26:37,-17.8,-63.1667,93.25,33,40,4.61
559,Suez,EG,2022-01-30 16:26:38,29.9737,32.5263,59.14,41,22,2.39
560,Tazovskiy,RU,2022-01-30 16:26:38,67.4667,78.7,-11.97,99,99,8.12
561,Palu,ID,2022-01-30 16:26:39,-0.8917,119.8707,76.46,95,100,1.36
562,Gigmoto,PH,2022-01-30 16:26:39,13.7796,124.39,76.05,90,30,2.55
563,Mokhotlong,LS,2022-01-30 16:26:40,-29.2894,29.0675,63.82,70,80,8.23
564,Preobrazheniye,RU,2022-01-30 16:26:40,42.9019,133.9064,13.06,65,11,8.23
565,Neryungri,RU,2022-01-30 16:26:40,56.6709,124.6491,-9.65,96,100,7.29
566,Along,IN,2022-01-30 16:26:41,28.1667,94.7667,49.1,71,81,1.9
567,Faya,SA,2022-01-30 16:26:41,18.3851,42.4509,59.11,72,8,6.22
568,Kendari,ID,2022-01-30 16:26:42,-3.945,122.4989,78.62,85,79,3.56
569,Iranshahr,IR,2022-01-30 16:26:42,27.2025,60.6848,66.54,39,0,9.22
570,San Juan De Uraba,CO,2022-01-30 16:26:42,8.7592,-76.5297,79.11,76,88,10.76
